Image,Category
94,NEML
18,NEML
7,NEML
139,NEML
311,NEML
37,NEML
184,NEML
345,NEML
17,NEML
279,NEML
111,NEML
116,NEML
26,NEML
342,NEML
104,NEML
348,NEML
210,NEML
162,NEML
271,NEML
383,NEML
284,NEML
239,NEML
336,NEML
35,NEML
343,NEML
378,NEML
230,NEML
62,NEML
251,NEML
49,NEML
353,NEML
260,NEML
120,NEML
42,NEML
262,NEML
74,NEML
56,NEML
246,NEML
366,NEML
327,NEML
351,NEML
161,NEML
9,NEML
377,NEML
283,NEML
204,NEML
234,NEML
133,NEML
96,NEML
325,NEML
360,NEML
291,NEML
282,NEML
346,NEML
152,NEML
410,NEML
